{
  "id": "87353c52-46a4-3d0c-0f61-f6452f7c5095",
  "name": "F5 SecDevOps",
  "values": [
    {
      "enabled": true,
      "key": "big_ip_a_mgmt",
      "value": "10.1.1.10",
      "type": "text"
    },
    {
      "enabled": true,
      "key": "big_ip_a_auth_token",
      "value": "",
      "type": "text"
    },
    {
      "enabled": true,
      "key": "module",
      "value": "afm",
      "type": "text"
    },
    {
      "enabled": true,
      "key": "afm_address_list",
      "value": "",
      "type": "text"
    },
    {
      "enabled": true,
      "key": "afm_policy",
      "value": "",
      "type": "text"
    },
    {
      "enabled": true,
      "key": "afm_policy_rule",
      "value": "",
      "type": "text"
    },
    {
      "enabled": true,
      "key": "asm_policy_hash",
      "value": "",
      "type": "text"
    }
  ],
  "timestamp": 1504015826158,
  "_postman_variable_scope": "environment",
  "_postman_exported_at": "2017-08-29T14:25:19.018Z",
  "_postman_exported_using": "Postman/5.1.3"
}