{
	"info": {
		"name": "F5 SecDevOps",
		"_postman_id": "6d35c8f9-b5a4-0664-22e0-0b423d9daff3",
		"description": "",
		"schema": "https://schema.getpostman.com/json/collection/v2.1.0/collection.json"
	},
	"item": [
		{
			"name": "Lab 1.2 - API Authentication",
			"description": "",
			"item": [
				{
					"name": "1. HTTP BASIC Authentication",
					"request": {
						"method": "GET",
						"header": [
							{
								"key": "Authorization",
								"value": "Basic YWRtaW46YWRtaW4="
							}
						],
						"body": {
							"mode": "raw",
							"raw": "{\n    \"username\":\"admin\",\n    \"password\":\"admin\",\n    \"loginProviderName\":\"tmos\"\n}"
						},
						"url": {
							"raw": "https://{{big_ip_a_mgmt}}/mgmt/tm/ltm",
							"protocol": "https",
							"host": [
								"{{big_ip_a_mgmt}}"
							],
							"path": [
								"mgmt",
								"tm",
								"ltm"
							]
						},
						"description": ""
					},
					"response": []
				},
				{
					"name": "2. Get Authentication Token",
					"request": {
						"method": "POST",
						"header": [
							{
								"key": "Content-Type",
								"value": "application/json"
							}
						],
						"body": {
							"mode": "raw",
							"raw": "{\n    \"username\":\"\",\n    \"password\":\"\",\n    \"loginProviderName\":\"tmos\"\n}"
						},
						"url": {
							"raw": "https://{{big_ip_a_mgmt}}/mgmt/shared/authn/login",
							"protocol": "https",
							"host": [
								"{{big_ip_a_mgmt}}"
							],
							"path": [
								"mgmt",
								"shared",
								"authn",
								"login"
							]
						},
						"description": ""
					},
					"response": []
				},
				{
					"name": "3. Verify Authentication Token Works",
					"request": {
						"method": "GET",
						"header": [
							{
								"key": "X-F5-Auth-Token",
								"value": "{{big_ip_a_auth_token}}"
							}
						],
						"body": {
							"mode": "raw",
							"raw": ""
						},
						"url": {
							"raw": "https://{{big_ip_a_mgmt}}/mgmt/tm/ltm",
							"protocol": "https",
							"host": [
								"{{big_ip_a_mgmt}}"
							],
							"path": [
								"mgmt",
								"tm",
								"ltm"
							]
						},
						"description": ""
					},
					"response": []
				},
				{
					"name": "4. Set Authentication Token Timeout",
					"request": {
						"method": "PATCH",
						"header": [
							{
								"key": "X-F5-Auth-Token",
								"value": "{{big_ip_a_auth_token}}"
							}
						],
						"body": {
							"mode": "raw",
							"raw": "{\n    \"timeout\":\"36000\"\n}"
						},
						"url": {
							"raw": "https://{{big_ip_a_mgmt}}/mgmt/shared/authz/tokens/{{big_ip_a_auth_token}}",
							"protocol": "https",
							"host": [
								"{{big_ip_a_mgmt}}"
							],
							"path": [
								"mgmt",
								"shared",
								"authz",
								"tokens",
								"{{big_ip_a_auth_token}}"
							]
						},
						"description": ""
					},
					"response": []
				}
			]
		},
		{
			"name": "Lab 1.3 - Build a Basic LTM Config",
			"description": "",
			"item": [
				{
					"name": "1. Create a HTTP Monitor",
					"request": {
						"method": "POST",
						"header": [
							{
								"key": "Content-Type",
								"value": "application/json"
							},
							{
								"key": "X-F5-Auth-Token",
								"value": "{{big_ip_a_auth_token}}"
							}
						],
						"body": {
							"mode": "raw",
							"raw": "{\n    \"name\":\"hackazon_monitor\",\n    \"send\":\"GET /\\r\\n\"\n}"
						},
						"url": {
							"raw": "https://{{big_ip_a_mgmt}}/mgmt/tm/ltm/monitor/http",
							"protocol": "https",
							"host": [
								"{{big_ip_a_mgmt}}"
							],
							"path": [
								"mgmt",
								"tm",
								"ltm",
								"monitor",
								"http"
							]
						},
						"description": ""
					},
					"response": []
				},
				{
					"name": "2. Create a Pool",
					"request": {
						"method": "POST",
						"header": [
							{
								"key": "Content-Type",
								"value": "application/json"
							},
							{
								"key": "X-F5-Auth-Token",
								"value": "{{big_ip_a_auth_token}}"
							}
						],
						"body": {
							"mode": "raw",
							"raw": "{\n    \"name\":\"hackazon_pool\",\n    \"monitor\":\"/Common/hackazon_monitor\",\n    \"members\": [\"10.1.20.10:80\"]\n}"
						},
						"url": {
							"raw": "https://{{big_ip_a_mgmt}}/mgmt/tm/ltm/pool",
							"protocol": "https",
							"host": [
								"{{big_ip_a_mgmt}}"
							],
							"path": [
								"mgmt",
								"tm",
								"ltm",
								"pool"
							]
						},
						"description": ""
					},
					"response": []
				},
				{
					"name": "3. Create a HTTP Profile",
					"request": {
						"method": "POST",
						"header": [
							{
								"key": "Content-Type",
								"value": "application/json"
							},
							{
								"key": "X-F5-Auth-Token",
								"value": "{{big_ip_a_auth_token}}"
							}
						],
						"body": {
							"mode": "raw",
							"raw": "{\n    \"name\":\"hackazon_http_profile\",\n    \"insertXforwardedFor\":\"enabled\",\n    \"serverAgentName\":\"hackazon\"\n}"
						},
						"url": {
							"raw": "https://{{big_ip_a_mgmt}}/mgmt/tm/ltm/profile/http",
							"protocol": "https",
							"host": [
								"{{big_ip_a_mgmt}}"
							],
							"path": [
								"mgmt",
								"tm",
								"ltm",
								"profile",
								"http"
							]
						},
						"description": ""
					},
					"response": []
				},
				{
					"name": "4. Create a TCP Profile",
					"request": {
						"method": "POST",
						"header": [
							{
								"key": "Content-Type",
								"value": "application/json"
							},
							{
								"key": "X-F5-Auth-Token",
								"value": "{{big_ip_a_auth_token}}"
							}
						],
						"body": {
							"mode": "raw",
							"raw": "{\n    \"name\":\"hackazon_tcp_clientside_profile\",\n    \"nagle\":\"disabled\",\n    \"sendBufferSize\":\"16000\"\n}"
						},
						"url": {
							"raw": "https://{{big_ip_a_mgmt}}/mgmt/tm/ltm/profile/tcp",
							"protocol": "https",
							"host": [
								"{{big_ip_a_mgmt}}"
							],
							"path": [
								"mgmt",
								"tm",
								"ltm",
								"profile",
								"tcp"
							]
						},
						"description": ""
					},
					"response": []
				},
				{
					"name": "5. Create a Virtual Server",
					"request": {
						"method": "POST",
						"header": [
							{
								"key": "Content-Type",
								"value": "application/json"
							},
							{
								"key": "X-F5-Auth-Token",
								"value": "{{big_ip_a_auth_token}}"
							}
						],
						"body": {
							"mode": "raw",
							"raw": "{\n    \"name\":\"hackazon_vs\",\n    \"destination\":\"10.1.10.10:80\",\n    \"ipProtocol\":\"tcp\",\n    \"pool\":\"hackazon_pool\",\n    \"sourceAddressTranslation\": { \"type\":\"automap\" },\n    \"profiles\": [\n        { \"name\":\"/Common/hackazon_tcp_clientside_profile\", \"context\":\"clientside\" },\n        { \"name\":\"/Common/tcp-wan-optimized\", \"context\":\"serverside\" },\n        \"/Common/hackazon_http_profile\"\n    ]\n}"
						},
						"url": {
							"raw": "https://{{big_ip_a_mgmt}}/mgmt/tm/ltm/virtual",
							"protocol": "https",
							"host": [
								"{{big_ip_a_mgmt}}"
							],
							"path": [
								"mgmt",
								"tm",
								"ltm",
								"virtual"
							]
						},
						"description": ""
					},
					"response": []
				},
				{
					"name": "6. Retrieve VS information",
					"request": {
						"method": "GET",
						"header": [
							{
								"key": "X-F5-Auth-Token",
								"value": "{{big_ip_a_auth_token}}"
							}
						],
						"body": {
							"mode": "raw",
							"raw": "{\n    \"name\":\"Lab1.8_vs\",\n    \"destination\":\"10.1.10.129:80\",\n    \"ipProtocol\":\"tcp\",\n    \"pool\":\"Lab1.8_pool\",\n    \"sourceAddressTranslation\": { \"type\":\"automap\" },\n    \"profiles\": [\n        { \"name\":\"/Common/Lab1.8_tcp_clientside\", \"context\":\"clientside\" },\n        { \"name\":\"/Common/tcp-wan-optimized\", \"context\":\"serverside\" },\n        \"/Common/Lab1.8_http\"\n    ]\n}"
						},
						"url": {
							"raw": "https://{{big_ip_a_mgmt}}/mgmt/tm/ltm/virtual/~Common~hackazon_vs/",
							"protocol": "https",
							"host": [
								"{{big_ip_a_mgmt}}"
							],
							"path": [
								"mgmt",
								"tm",
								"ltm",
								"virtual",
								"~Common~hackazon_vs",
								""
							]
						},
						"description": ""
					},
					"response": []
				}
			]
		},
		{
			"name": "Lab 2.1 - Provisioning AFM",
			"description": "",
			"item": [
				{
					"name": "1. Retrieve all module provision states",
					"request": {
						"method": "GET",
						"header": [
							{
								"key": "X-F5-Auth-Token",
								"value": "{{big_ip_a_auth_token}}"
							}
						],
						"body": {
							"mode": "raw",
							"raw": "{\n    \"name\":\"Lab1.8_vs\",\n    \"destination\":\"10.1.10.129:80\",\n    \"ipProtocol\":\"tcp\",\n    \"pool\":\"Lab1.8_pool\",\n    \"sourceAddressTranslation\": { \"type\":\"automap\" },\n    \"profiles\": [\n        { \"name\":\"/Common/Lab1.8_tcp_clientside\", \"context\":\"clientside\" },\n        { \"name\":\"/Common/tcp-wan-optimized\", \"context\":\"serverside\" },\n        \"/Common/Lab1.8_http\"\n    ]\n}"
						},
						"url": {
							"raw": "https://{{big_ip_a_mgmt}}/mgmt/tm/sys/provision",
							"protocol": "https",
							"host": [
								"{{big_ip_a_mgmt}}"
							],
							"path": [
								"mgmt",
								"tm",
								"sys",
								"provision"
							]
						},
						"description": ""
					},
					"response": []
				},
				{
					"name": "2. Retrieve single module provision state",
					"request": {
						"method": "GET",
						"header": [
							{
								"key": "X-F5-Auth-Token",
								"value": "{{big_ip_a_auth_token}}"
							}
						],
						"body": {
							"mode": "raw",
							"raw": "{\n    \"name\":\"Lab1.8_vs\",\n    \"destination\":\"10.1.10.129:80\",\n    \"ipProtocol\":\"tcp\",\n    \"pool\":\"Lab1.8_pool\",\n    \"sourceAddressTranslation\": { \"type\":\"automap\" },\n    \"profiles\": [\n        { \"name\":\"/Common/Lab1.8_tcp_clientside\", \"context\":\"clientside\" },\n        { \"name\":\"/Common/tcp-wan-optimized\", \"context\":\"serverside\" },\n        \"/Common/Lab1.8_http\"\n    ]\n}"
						},
						"url": {
							"raw": "https://{{big_ip_a_mgmt}}/mgmt/tm/sys/provision/afm",
							"protocol": "https",
							"host": [
								"{{big_ip_a_mgmt}}"
							],
							"path": [
								"mgmt",
								"tm",
								"sys",
								"provision",
								"afm"
							]
						},
						"description": ""
					},
					"response": []
				},
				{
					"name": "3.1. Provision module",
					"request": {
						"method": "PATCH",
						"header": [
							{
								"key": "Content-Type",
								"value": "application/json"
							},
							{
								"key": "X-F5-Auth-Token",
								"value": "{{big_ip_a_auth_token}}"
							}
						],
						"body": {
							"mode": "raw",
							"raw": "{\n    \"level\":\"nominal\"\n}"
						},
						"url": {
							"raw": "https://{{big_ip_a_mgmt}}/mgmt/tm/sys/provision/afm",
							"protocol": "https",
							"host": [
								"{{big_ip_a_mgmt}}"
							],
							"path": [
								"mgmt",
								"tm",
								"sys",
								"provision",
								"afm"
							]
						},
						"description": ""
					},
					"response": []
				}
			]
		},
		{
			"name": "Lab 2.2 - Create AFM Address List",
			"description": "",
			"item": [
				{
					"name": "1. List Firewall Policies",
					"request": {
						"method": "GET",
						"header": [
							{
								"key": "X-F5-Auth-Token",
								"value": "{{big_ip_a_auth_token}}"
							}
						],
						"body": {
							"mode": "raw",
							"raw": ""
						},
						"url": {
							"raw": "https://{{big_ip_a_mgmt}}/mgmt/tm/security/firewall/policy",
							"protocol": "https",
							"host": [
								"{{big_ip_a_mgmt}}"
							],
							"path": [
								"mgmt",
								"tm",
								"security",
								"firewall",
								"policy"
							]
						},
						"description": ""
					},
					"response": []
				},
				{
					"name": "2. List All Firewall Address Lists",
					"request": {
						"method": "GET",
						"header": [
							{
								"key": "X-F5-Auth-Token",
								"value": "{{big_ip_a_auth_token}}"
							}
						],
						"body": {
							"mode": "raw",
							"raw": ""
						},
						"url": {
							"raw": "https://{{big_ip_a_mgmt}}/mgmt/tm/security/firewall/address-list",
							"protocol": "https",
							"host": [
								"{{big_ip_a_mgmt}}"
							],
							"path": [
								"mgmt",
								"tm",
								"security",
								"firewall",
								"address-list"
							]
						},
						"description": ""
					},
					"response": []
				},
				{
					"name": "3. Create Firewall Address List",
					"request": {
						"method": "POST",
						"header": [
							{
								"key": "Content-Type",
								"value": "application/json"
							},
							{
								"key": "X-F5-Auth-Token",
								"value": "{{big_ip_a_auth_token}}"
							}
						],
						"body": {
							"mode": "raw",
							"raw": "{\n  \"name\": \"google-dns_address_list\",\n  \"addresses\": [\n    {\n      \"name\": \"8.8.8.8\"\n    },\n    {\n      \"name\": \"8.8.4.4\"\n    }\n  ]\n}"
						},
						"url": {
							"raw": "https://{{big_ip_a_mgmt}}/mgmt/tm/security/firewall/address-list/",
							"protocol": "https",
							"host": [
								"{{big_ip_a_mgmt}}"
							],
							"path": [
								"mgmt",
								"tm",
								"security",
								"firewall",
								"address-list",
								""
							]
						},
						"description": ""
					},
					"response": []
				},
				{
					"name": "4. List Single Firewall Address List",
					"request": {
						"method": "GET",
						"header": [
							{
								"key": "X-F5-Auth-Token",
								"value": "{{big_ip_a_auth_token}}"
							}
						],
						"body": {
							"mode": "raw",
							"raw": ""
						},
						"url": {
							"raw": "https://{{big_ip_a_mgmt}}/mgmt/tm/security/firewall/address-list/{{afm_address_list}}",
							"protocol": "https",
							"host": [
								"{{big_ip_a_mgmt}}"
							],
							"path": [
								"mgmt",
								"tm",
								"security",
								"firewall",
								"address-list",
								"{{afm_address_list}}"
							]
						},
						"description": ""
					},
					"response": []
				},
				{
					"name": "5. Update Firewall Address List",
					"request": {
						"method": "PATCH",
						"header": [
							{
								"key": "Content-Type",
								"value": "application/json"
							},
							{
								"key": "X-F5-Auth-Token",
								"value": "{{big_ip_a_auth_token}}"
							}
						],
						"body": {
							"mode": "raw",
							"raw": "{\n  \"addresses\": [\n    {\n      \"name\": \"1.1.1.1\"\n    },\n    {\n      \"name\": \"2.2.2.2\"\n    },\n    {\n      \"name\": \"3.3.3.3\"\n    },\n    {\n      \"name\": \"4.4.4.4\"\n    }\n  ]\n}"
						},
						"url": {
							"raw": "https://{{big_ip_a_mgmt}}/mgmt/tm/security/firewall/address-list/{{afm_address_list}}",
							"protocol": "https",
							"host": [
								"{{big_ip_a_mgmt}}"
							],
							"path": [
								"mgmt",
								"tm",
								"security",
								"firewall",
								"address-list",
								"{{afm_address_list}}"
							]
						},
						"description": ""
					},
					"response": []
				}
			]
		},
		{
			"name": "Lab 2.3 - Create AFM Policy",
			"description": "",
			"item": [
				{
					"name": "1. List policies",
					"request": {
						"method": "GET",
						"header": [
							{
								"key": "X-F5-Auth-Token",
								"value": "{{big_ip_a_auth_token}}"
							}
						],
						"body": {
							"mode": "raw",
							"raw": ""
						},
						"url": {
							"raw": "https://{{big_ip_a_mgmt}}/mgmt/tm/security/firewall/policy",
							"protocol": "https",
							"host": [
								"{{big_ip_a_mgmt}}"
							],
							"path": [
								"mgmt",
								"tm",
								"security",
								"firewall",
								"policy"
							]
						},
						"description": ""
					},
					"response": []
				},
				{
					"name": "2. Create policy",
					"request": {
						"method": "POST",
						"header": [
							{
								"key": "Content-Type",
								"value": "application/json"
							},
							{
								"key": "X-F5-Auth-Token",
								"value": "{{big_ip_a_auth_token}}"
							}
						],
						"body": {
							"mode": "raw",
							"raw": "{\n  \"name\": \"global_default_deny\"\n}"
						},
						"url": {
							"raw": "https://{{big_ip_a_mgmt}}/mgmt/tm/security/firewall/policy",
							"protocol": "https",
							"host": [
								"{{big_ip_a_mgmt}}"
							],
							"path": [
								"mgmt",
								"tm",
								"security",
								"firewall",
								"policy"
							]
						},
						"description": ""
					},
					"response": []
				},
				{
					"name": "3. List policy rules",
					"request": {
						"method": "GET",
						"header": [
							{
								"key": "X-F5-Auth-Token",
								"value": "{{big_ip_a_auth_token}}"
							}
						],
						"body": {
							"mode": "raw",
							"raw": ""
						},
						"url": {
							"raw": "https://{{big_ip_a_mgmt}}/mgmt/tm/security/firewall/policy/{{afm_policy}}/rules",
							"protocol": "https",
							"host": [
								"{{big_ip_a_mgmt}}"
							],
							"path": [
								"mgmt",
								"tm",
								"security",
								"firewall",
								"policy",
								"{{afm_policy}}",
								"rules"
							]
						},
						"description": ""
					},
					"response": []
				},
				{
					"name": "4. Add default deny rule to policy",
					"request": {
						"method": "POST",
						"header": [
							{
								"key": "Content-Type",
								"value": "application/json"
							},
							{
								"key": "X-F5-Auth-Token",
								"value": "{{big_ip_a_auth_token}}"
							}
						],
						"body": {
							"mode": "raw",
							"raw": "{\n  \"name\": \"default_deny\",\n  \"fullPath\": \"default_deny\",\n  \"action\": \"drop\",\n  \"ipProtocol\": \"any\",\n  \"iruleSampleRate\": 1,\n  \"log\": \"no\",\n  \"status\": \"enabled\",\n  \"destination\": { },\n  \"place-before\": \"none\"\n}\n"
						},
						"url": {
							"raw": "https://{{big_ip_a_mgmt}}/mgmt/tm/security/firewall/policy/{{afm_policy}}/rules",
							"protocol": "https",
							"host": [
								"{{big_ip_a_mgmt}}"
							],
							"path": [
								"mgmt",
								"tm",
								"security",
								"firewall",
								"policy",
								"{{afm_policy}}",
								"rules"
							]
						},
						"description": ""
					},
					"response": []
				},
				{
					"name": "5. Add address list rule to policy",
					"request": {
						"method": "POST",
						"header": [
							{
								"key": "Content-Type",
								"value": "application/json"
							},
							{
								"key": "X-F5-Auth-Token",
								"value": "{{big_ip_a_auth_token}}"
							}
						],
						"body": {
							"mode": "raw",
							"raw": "{\n  \"name\": \"allow_google-dns\",\n  \"fullPath\": \"allow_google-dns\",\n  \"action\": \"accept\",\n  \"ipProtocol\": \"any\",\n  \"iruleSampleRate\": 1,\n  \"log\": \"no\",\n  \"status\": \"enabled\",\n  \"placeBefore\": \"default_deny\",\n  \"destination\": {\n    \"addressLists\": [\n      \"/Common/google-dns_address_list\"\n    ]\n  }\n}\n"
						},
						"url": {
							"raw": "https://{{big_ip_a_mgmt}}/mgmt/tm/security/firewall/policy/{{afm_policy}}/rules",
							"protocol": "https",
							"host": [
								"{{big_ip_a_mgmt}}"
							],
							"path": [
								"mgmt",
								"tm",
								"security",
								"firewall",
								"policy",
								"{{afm_policy}}",
								"rules"
							]
						},
						"description": ""
					},
					"response": []
				},
				{
					"name": "6. List policy rules",
					"request": {
						"method": "GET",
						"header": [
							{
								"key": "X-F5-Auth-Token",
								"value": "{{big_ip_a_auth_token}}"
							}
						],
						"body": {
							"mode": "raw",
							"raw": ""
						},
						"url": {
							"raw": "https://{{big_ip_a_mgmt}}/mgmt/tm/security/firewall/policy/{{afm_policy}}/rules",
							"protocol": "https",
							"host": [
								"{{big_ip_a_mgmt}}"
							],
							"path": [
								"mgmt",
								"tm",
								"security",
								"firewall",
								"policy",
								"{{afm_policy}}",
								"rules"
							]
						},
						"description": ""
					},
					"response": []
				},
				{
					"name": "7. Disable policy rule",
					"request": {
						"method": "PATCH",
						"header": [
							{
								"key": "Content-Type",
								"value": "application/json"
							},
							{
								"key": "X-F5-Auth-Token",
								"value": "{{big_ip_a_auth_token}}"
							}
						],
						"body": {
							"mode": "raw",
							"raw": "{\n\t\"status\":\"disabled\"\n}"
						},
						"url": {
							"raw": "https://{{big_ip_a_mgmt}}/mgmt/tm/security/firewall/policy/{{afm_policy}}/rules/{{afm_policy_rule}}",
							"protocol": "https",
							"host": [
								"{{big_ip_a_mgmt}}"
							],
							"path": [
								"mgmt",
								"tm",
								"security",
								"firewall",
								"policy",
								"{{afm_policy}}",
								"rules",
								"{{afm_policy_rule}}"
							]
						},
						"description": ""
					},
					"response": []
				},
				{
					"name": "8. List policy rule",
					"request": {
						"method": "GET",
						"header": [
							{
								"key": "X-F5-Auth-Token",
								"value": "{{big_ip_a_auth_token}}"
							}
						],
						"body": {
							"mode": "raw",
							"raw": ""
						},
						"url": {
							"raw": "https://{{big_ip_a_mgmt}}/mgmt/tm/security/firewall/policy/{{afm_policy}}/rules/{{afm_policy_rule}}",
							"protocol": "https",
							"host": [
								"{{big_ip_a_mgmt}}"
							],
							"path": [
								"mgmt",
								"tm",
								"security",
								"firewall",
								"policy",
								"{{afm_policy}}",
								"rules",
								"{{afm_policy_rule}}"
							]
						},
						"description": ""
					},
					"response": []
				}
			]
		},
		{
			"name": "Lab 3.1 - Provision ASM",
			"description": "",
			"item": [
				{
					"name": "1. Deprovision afm",
					"request": {
						"method": "PATCH",
						"header": [
							{
								"key": "Content-Type",
								"value": "application/json"
							},
							{
								"key": "X-F5-Auth-Token",
								"value": "{{big_ip_a_auth_token}}"
							}
						],
						"body": {
							"mode": "raw",
							"raw": "{\n    \"level\":\"none\"\n}"
						},
						"url": {
							"raw": "https://{{big_ip_a_mgmt}}/mgmt/tm/sys/provision/afm",
							"protocol": "https",
							"host": [
								"{{big_ip_a_mgmt}}"
							],
							"path": [
								"mgmt",
								"tm",
								"sys",
								"provision",
								"afm"
							]
						},
						"description": ""
					},
					"response": []
				},
				{
					"name": "2. Retrieve all module provision states",
					"request": {
						"method": "GET",
						"header": [
							{
								"key": "X-F5-Auth-Token",
								"value": "{{big_ip_a_auth_token}}"
							}
						],
						"body": {
							"mode": "raw",
							"raw": "{\n    \"name\":\"Lab1.8_vs\",\n    \"destination\":\"10.1.10.129:80\",\n    \"ipProtocol\":\"tcp\",\n    \"pool\":\"Lab1.8_pool\",\n    \"sourceAddressTranslation\": { \"type\":\"automap\" },\n    \"profiles\": [\n        { \"name\":\"/Common/Lab1.8_tcp_clientside\", \"context\":\"clientside\" },\n        { \"name\":\"/Common/tcp-wan-optimized\", \"context\":\"serverside\" },\n        \"/Common/Lab1.8_http\"\n    ]\n}"
						},
						"url": {
							"raw": "https://{{big_ip_a_mgmt}}/mgmt/tm/sys/provision",
							"protocol": "https",
							"host": [
								"{{big_ip_a_mgmt}}"
							],
							"path": [
								"mgmt",
								"tm",
								"sys",
								"provision"
							]
						},
						"description": ""
					},
					"response": []
				},
				{
					"name": "3. Retrieve single module provision state",
					"request": {
						"method": "GET",
						"header": [
							{
								"key": "X-F5-Auth-Token",
								"value": "{{big_ip_a_auth_token}}"
							}
						],
						"body": {
							"mode": "raw",
							"raw": "{\n    \"name\":\"Lab1.8_vs\",\n    \"destination\":\"10.1.10.129:80\",\n    \"ipProtocol\":\"tcp\",\n    \"pool\":\"Lab1.8_pool\",\n    \"sourceAddressTranslation\": { \"type\":\"automap\" },\n    \"profiles\": [\n        { \"name\":\"/Common/Lab1.8_tcp_clientside\", \"context\":\"clientside\" },\n        { \"name\":\"/Common/tcp-wan-optimized\", \"context\":\"serverside\" },\n        \"/Common/Lab1.8_http\"\n    ]\n}"
						},
						"url": {
							"raw": "https://{{big_ip_a_mgmt}}/mgmt/tm/sys/provision/asm",
							"protocol": "https",
							"host": [
								"{{big_ip_a_mgmt}}"
							],
							"path": [
								"mgmt",
								"tm",
								"sys",
								"provision",
								"asm"
							]
						},
						"description": ""
					},
					"response": []
				},
				{
					"name": "4. Provision asm",
					"request": {
						"method": "PATCH",
						"header": [
							{
								"key": "Content-Type",
								"value": "application/json"
							},
							{
								"key": "X-F5-Auth-Token",
								"value": "{{big_ip_a_auth_token}}"
							}
						],
						"body": {
							"mode": "raw",
							"raw": "{\n    \"level\":\"nominal\"\n}"
						},
						"url": {
							"raw": "https://{{big_ip_a_mgmt}}/mgmt/tm/sys/provision/asm",
							"protocol": "https",
							"host": [
								"{{big_ip_a_mgmt}}"
							],
							"path": [
								"mgmt",
								"tm",
								"sys",
								"provision",
								"asm"
							]
						},
						"description": ""
					},
					"response": []
				}
			]
		},
		{
			"name": "Lab 3.2 - Interact with ASM",
			"description": "",
			"item": [
				{
					"name": "1.0. Retrieve ASM resources",
					"request": {
						"method": "GET",
						"header": [
							{
								"key": "X-F5-Auth-Token",
								"value": "{{big_ip_a_auth_token}}"
							}
						],
						"body": {
							"mode": "raw",
							"raw": ""
						},
						"url": {
							"raw": "https://{{big_ip_a_mgmt}}/mgmt/tm/asm",
							"protocol": "https",
							"host": [
								"{{big_ip_a_mgmt}}"
							],
							"path": [
								"mgmt",
								"tm",
								"asm"
							]
						},
						"description": ""
					},
					"response": []
				},
				{
					"name": "1.1. Retrieve ASM server technologies",
					"request": {
						"method": "GET",
						"header": [
							{
								"key": "X-F5-Auth-Token",
								"value": "{{big_ip_a_auth_token}}"
							}
						],
						"body": {
							"mode": "raw",
							"raw": ""
						},
						"url": {
							"raw": "https://{{big_ip_a_mgmt}}/mgmt/tm/asm/server-technologies",
							"protocol": "https",
							"host": [
								"{{big_ip_a_mgmt}}"
							],
							"path": [
								"mgmt",
								"tm",
								"asm",
								"server-technologies"
							]
						},
						"description": ""
					},
					"response": []
				},
				{
					"name": "2.0. Retrieve ASM policies",
					"request": {
						"method": "GET",
						"header": [
							{
								"key": "X-F5-Auth-Token",
								"value": "{{big_ip_a_auth_token}}"
							}
						],
						"body": {
							"mode": "raw",
							"raw": ""
						},
						"url": {
							"raw": "https://{{big_ip_a_mgmt}}/mgmt/tm/asm/policies",
							"protocol": "https",
							"host": [
								"{{big_ip_a_mgmt}}"
							],
							"path": [
								"mgmt",
								"tm",
								"asm",
								"policies"
							]
						},
						"description": ""
					},
					"response": []
				},
				{
					"name": "2.1. Retrieve ASM policy",
					"request": {
						"method": "GET",
						"header": [
							{
								"key": "X-F5-Auth-Token",
								"value": "{{big_ip_a_auth_token}}"
							}
						],
						"body": {
							"mode": "raw",
							"raw": ""
						},
						"url": {
							"raw": "https://{{big_ip_a_mgmt}}/mgmt/tm/asm/policies/{{asm_policy_hash}}",
							"protocol": "https",
							"host": [
								"{{big_ip_a_mgmt}}"
							],
							"path": [
								"mgmt",
								"tm",
								"asm",
								"policies",
								"{{asm_policy_hash}}"
							]
						},
						"description": ""
					},
					"response": []
				},
				{
					"name": "3. Search for ASM policy",
					"request": {
						"method": "GET",
						"header": [
							{
								"key": "X-F5-Auth-Token",
								"value": "{{big_ip_a_auth_token}}"
							}
						],
						"body": {
							"mode": "raw",
							"raw": ""
						},
						"url": {
							"raw": "https://{{big_ip_a_mgmt}}/mgmt/tm/asm/policies?filter=name eq test",
							"protocol": "https",
							"host": [
								"{{big_ip_a_mgmt}}"
							],
							"path": [
								"mgmt",
								"tm",
								"asm",
								"policies"
							],
							"query": [
								{
									"key": "filter",
									"value": "name eq test",
									"equals": true
								}
							]
						},
						"description": ""
					},
					"response": []
				},
				{
					"name": "4.0. List ASM tasks",
					"request": {
						"method": "GET",
						"header": [
							{
								"key": "X-F5-Auth-Token",
								"value": "{{big_ip_a_auth_token}}"
							}
						],
						"body": {
							"mode": "raw",
							"raw": ""
						},
						"url": {
							"raw": "https://{{big_ip_a_mgmt}}/mgmt/tm/asm/tasks/",
							"protocol": "https",
							"host": [
								"{{big_ip_a_mgmt}}"
							],
							"path": [
								"mgmt",
								"tm",
								"asm",
								"tasks",
								""
							]
						},
						"description": ""
					},
					"response": []
				},
				{
					"name": "4.1. List specific ASM task",
					"request": {
						"method": "GET",
						"header": [
							{
								"key": "X-F5-Auth-Token",
								"value": "{{big_ip_a_auth_token}}"
							}
						],
						"body": {
							"mode": "raw",
							"raw": ""
						},
						"url": {
							"raw": "https://{{big_ip_a_mgmt}}/mgmt/tm/asm/tasks/export-policy",
							"protocol": "https",
							"host": [
								"{{big_ip_a_mgmt}}"
							],
							"path": [
								"mgmt",
								"tm",
								"asm",
								"tasks",
								"export-policy"
							]
						},
						"description": ""
					},
					"response": []
				},
				{
					"name": "5. Retrieve ASM policy templates",
					"request": {
						"method": "GET",
						"header": [
							{
								"key": "X-F5-Auth-Token",
								"value": "{{big_ip_a_auth_token}}"
							}
						],
						"body": {
							"mode": "raw",
							"raw": ""
						},
						"url": {
							"raw": "https://{{big_ip_a_mgmt}}/mgmt/tm/asm/policy-templates",
							"protocol": "https",
							"host": [
								"{{big_ip_a_mgmt}}"
							],
							"path": [
								"mgmt",
								"tm",
								"asm",
								"policy-templates"
							]
						},
						"description": ""
					},
					"response": []
				},
				{
					"name": "6. Retrieve ASM signature sets",
					"request": {
						"method": "GET",
						"header": [
							{
								"key": "X-F5-Auth-Token",
								"value": "{{big_ip_a_auth_token}}"
							}
						],
						"body": {
							"mode": "raw",
							"raw": ""
						},
						"url": {
							"raw": "https://{{big_ip_a_mgmt}}/mgmt/tm/asm/signature-sets",
							"protocol": "https",
							"host": [
								"{{big_ip_a_mgmt}}"
							],
							"path": [
								"mgmt",
								"tm",
								"asm",
								"signature-sets"
							]
						},
						"description": ""
					},
					"response": []
				},
				{
					"name": "7. Retrieve ASM signature systems",
					"request": {
						"method": "GET",
						"header": [
							{
								"key": "X-F5-Auth-Token",
								"value": "{{big_ip_a_auth_token}}"
							}
						],
						"body": {
							"mode": "raw",
							"raw": ""
						},
						"url": {
							"raw": "https://{{big_ip_a_mgmt}}/mgmt/tm/asm/signature-systems",
							"protocol": "https",
							"host": [
								"{{big_ip_a_mgmt}}"
							],
							"path": [
								"mgmt",
								"tm",
								"asm",
								"signature-systems"
							]
						},
						"description": ""
					},
					"response": []
				},
				{
					"name": "8. Retrieve ASM attack types",
					"request": {
						"method": "GET",
						"header": [
							{
								"key": "X-F5-Auth-Token",
								"value": "{{big_ip_a_auth_token}}"
							}
						],
						"body": {
							"mode": "raw",
							"raw": ""
						},
						"url": {
							"raw": "https://{{big_ip_a_mgmt}}/mgmt/tm/asm/attack-types",
							"protocol": "https",
							"host": [
								"{{big_ip_a_mgmt}}"
							],
							"path": [
								"mgmt",
								"tm",
								"asm",
								"attack-types"
							]
						},
						"description": ""
					},
					"response": []
				},
				{
					"name": "9. Retrieve ASM policy urls",
					"request": {
						"method": "GET",
						"header": [
							{
								"key": "X-F5-Auth-Token",
								"value": "{{big_ip_a_auth_token}}"
							}
						],
						"body": {
							"mode": "raw",
							"raw": ""
						},
						"url": {
							"raw": "https://{{big_ip_a_mgmt}}/mgmt/tm/asm/policies/{{asm_policy_hash}}/urls",
							"protocol": "https",
							"host": [
								"{{big_ip_a_mgmt}}"
							],
							"path": [
								"mgmt",
								"tm",
								"asm",
								"policies",
								"{{asm_policy_hash}}",
								"urls"
							]
						},
						"description": ""
					},
					"response": []
				},
				{
					"name": "10. Retrieve ASM policy signature sets",
					"request": {
						"method": "GET",
						"header": [
							{
								"key": "X-F5-Auth-Token",
								"value": "{{big_ip_a_auth_token}}"
							}
						],
						"body": {
							"mode": "raw",
							"raw": ""
						},
						"url": {
							"raw": "https://{{big_ip_a_mgmt}}/mgmt/tm/asm/policies/{{asm_policy_hash}}/signature-sets",
							"protocol": "https",
							"host": [
								"{{big_ip_a_mgmt}}"
							],
							"path": [
								"mgmt",
								"tm",
								"asm",
								"policies",
								"{{asm_policy_hash}}",
								"signature-sets"
							]
						},
						"description": ""
					},
					"response": []
				}
			]
		},
		{
			"name": "Lab 3.3 - Create ASM Policy",
			"description": "",
			"item": [
				{
					"name": "1.0. Retrieve ASM policies",
					"request": {
						"method": "GET",
						"header": [
							{
								"key": "X-F5-Auth-Token",
								"value": "{{big_ip_a_auth_token}}"
							}
						],
						"body": {
							"mode": "raw",
							"raw": ""
						},
						"url": {
							"raw": "https://{{big_ip_a_mgmt}}/mgmt/tm/asm/policies",
							"protocol": "https",
							"host": [
								"{{big_ip_a_mgmt}}"
							],
							"path": [
								"mgmt",
								"tm",
								"asm",
								"policies"
							]
						},
						"description": ""
					},
					"response": []
				},
				{
					"name": "1.1. Retrieve ltm ASM profile web security",
					"request": {
						"method": "GET",
						"header": [
							{
								"key": "X-F5-Auth-Token",
								"value": "{{big_ip_a_auth_token}}"
							}
						],
						"body": {
							"mode": "raw",
							"raw": "{\n    \"name\":\"Lab1.8_vs\",\n    \"destination\":\"10.1.10.129:80\",\n    \"ipProtocol\":\"tcp\",\n    \"pool\":\"Lab1.8_pool\",\n    \"sourceAddressTranslation\": { \"type\":\"automap\" },\n    \"profiles\": [\n        { \"name\":\"/Common/Lab1.8_tcp_clientside\", \"context\":\"clientside\" },\n        { \"name\":\"/Common/tcp-wan-optimized\", \"context\":\"serverside\" },\n        \"/Common/Lab1.8_http\"\n    ]\n}"
						},
						"url": {
							"raw": "https://{{big_ip_a_mgmt}}/mgmt/tm/ltm/profile/web-security",
							"protocol": "https",
							"host": [
								"{{big_ip_a_mgmt}}"
							],
							"path": [
								"mgmt",
								"tm",
								"ltm",
								"profile",
								"web-security"
							]
						},
						"description": ""
					},
					"response": []
				},
				{
					"name": "2.0. Create ASM parent policy",
					"request": {
						"method": "POST",
						"header": [
							{
								"key": "Content-Type",
								"value": "application/javascript"
							},
							{
								"key": "X-F5-Auth-Token",
								"value": "{{big_ip_a_auth_token}}"
							}
						],
						"body": {
							"mode": "raw",
							"raw": "{\n  \"name\":\"API_ASM_POLICY_TEST\",\n  \"description\":\"Test ASM policy\",\n  \"applicationLanguage\":\"utf-8\",\n  \"type\":\"parent\",\n  \"enforcementMode\":\"transparent\",\n  \"protocolIndependent\":\"true\",\n  \"learningMode\":\"disabled\",\n  \"serverTechnologyName\": \"Unix/Linux\"\n}"
						},
						"url": {
							"raw": "https://{{big_ip_a_mgmt}}/mgmt/tm/asm/policies",
							"protocol": "https",
							"host": [
								"{{big_ip_a_mgmt}}"
							],
							"path": [
								"mgmt",
								"tm",
								"asm",
								"policies"
							]
						},
						"description": ""
					},
					"response": []
				},
				{
					"name": "2.1. Retrieve ASM parent policy",
					"request": {
						"method": "GET",
						"header": [
							{
								"key": "X-F5-Auth-Token",
								"value": "{{big_ip_a_auth_token}}"
							}
						],
						"body": {
							"mode": "raw",
							"raw": ""
						},
						"url": {
							"raw": "https://{{big_ip_a_mgmt}}/mgmt/tm/asm/policies/{{asm_policy_hash}}",
							"protocol": "https",
							"host": [
								"{{big_ip_a_mgmt}}"
							],
							"path": [
								"mgmt",
								"tm",
								"asm",
								"policies",
								"{{asm_policy_hash}}"
							]
						},
						"description": ""
					},
					"response": []
				},
				{
					"name": "3.0. Create ASM child policy",
					"request": {
						"method": "POST",
						"header": [
							{
								"key": "Content-Type",
								"value": "application/javascript"
							},
							{
								"key": "X-F5-Auth-Token",
								"value": "{{big_ip_a_auth_token}}"
							}
						],
						"body": {
							"mode": "raw",
							"raw": "{\n  \"name\":\"API_ASM_POLICY_CHILD_TEST\",\n  \"description\":\"Test ASM policy\",\n  \"applicationLanguage\":\"utf-8\",\n  \"parentPolicyName\": \"/Common/API_ASM_POLICY_TEST\",\n  \"enforcementMode\":\"transparent\",\n  \"protocolIndependent\":\"true\",\n  \"learningMode\":\"automatic\",\n  \"learningSpeed\":\"slow\",\n  \"serverTechnologyName\": \"Apache Tomcat\"\n}"
						},
						"url": {
							"raw": "https://{{big_ip_a_mgmt}}/mgmt/tm/asm/policies",
							"protocol": "https",
							"host": [
								"{{big_ip_a_mgmt}}"
							],
							"path": [
								"mgmt",
								"tm",
								"asm",
								"policies"
							]
						},
						"description": ""
					},
					"response": []
				},
				{
					"name": "3.1. Retrieve ASM child policy",
					"request": {
						"method": "GET",
						"header": [
							{
								"key": "X-F5-Auth-Token",
								"value": "{{big_ip_a_auth_token}}"
							}
						],
						"body": {
							"mode": "raw",
							"raw": ""
						},
						"url": {
							"raw": "https://{{big_ip_a_mgmt}}/mgmt/tm/asm/policies/{{asm_policy_hash}}",
							"protocol": "https",
							"host": [
								"{{big_ip_a_mgmt}}"
							],
							"path": [
								"mgmt",
								"tm",
								"asm",
								"policies",
								"{{asm_policy_hash}}"
							]
						},
						"description": ""
					},
					"response": []
				}
			]
		},
		{
			"name": "Lab 3.4 - Apply ASM Policy to VS",
			"description": "",
			"item": [
				{
					"name": "1. Apply ASM Policy to VS",
					"request": {
						"method": "PATCH",
						"header": [
							{
								"key": "X-F5-Auth-Token",
								"value": "{{big_ip_a_auth_token}}"
							}
						],
						"body": {
							"mode": "raw",
							"raw": "{\n\t \"virtualServers\":[\"/Common/hackazon_vs\"]\n}"
						},
						"url": {
							"raw": "https://{{big_ip_a_mgmt}}/mgmt/tm/asm/policies/{{asm_policy_hash}}",
							"protocol": "https",
							"host": [
								"{{big_ip_a_mgmt}}"
							],
							"path": [
								"mgmt",
								"tm",
								"asm",
								"policies",
								"{{asm_policy_hash}}"
							]
						},
						"description": ""
					},
					"response": []
				},
				{
					"name": "2. Retrieve ASM policy",
					"request": {
						"method": "GET",
						"header": [
							{
								"key": "X-F5-Auth-Token",
								"value": "{{big_ip_a_auth_token}}"
							}
						],
						"body": {
							"mode": "raw",
							"raw": ""
						},
						"url": {
							"raw": "https://{{big_ip_a_mgmt}}/mgmt/tm/asm/policies/{{asm_policy_hash}}",
							"protocol": "https",
							"host": [
								"{{big_ip_a_mgmt}}"
							],
							"path": [
								"mgmt",
								"tm",
								"asm",
								"policies",
								"{{asm_policy_hash}}"
							]
						},
						"description": ""
					},
					"response": []
				},
				{
					"name": "3. Remove ASM policy from VS",
					"request": {
						"method": "PATCH",
						"header": [
							{
								"key": "Content-Type",
								"value": "application/json"
							},
							{
								"key": "X-F5-Auth-Token",
								"value": "{{big_ip_a_auth_token}}"
							}
						],
						"body": {
							"mode": "raw",
							"raw": "{\n\t \"virtualServers\":[\"\"]\n}"
						},
						"url": {
							"raw": "https://{{big_ip_a_mgmt}}/mgmt/tm/asm/policies/{{asm_policy_hash}}",
							"protocol": "https",
							"host": [
								"{{big_ip_a_mgmt}}"
							],
							"path": [
								"mgmt",
								"tm",
								"asm",
								"policies",
								"{{asm_policy_hash}}"
							]
						},
						"description": ""
					},
					"response": []
				},
				{
					"name": "4. Delete ASM policy",
					"request": {
						"method": "DELETE",
						"header": [
							{
								"key": "X-F5-Auth-Token",
								"value": "{{big_ip_a_auth_token}}"
							}
						],
						"body": {
							"mode": "raw",
							"raw": ""
						},
						"url": {
							"raw": "https://{{big_ip_a_mgmt}}/mgmt/tm/asm/policies/{{asm_policy_hash}}",
							"protocol": "https",
							"host": [
								"{{big_ip_a_mgmt}}"
							],
							"path": [
								"mgmt",
								"tm",
								"asm",
								"policies",
								"{{asm_policy_hash}}"
							]
						},
						"description": ""
					},
					"response": []
				}
			]
		}
	]
}